{"cameraMode":{"drawMode":0,"name":"Shaded","section":"Shading Mode"},"sceneLighting":false,"audioPlay":false,"sceneViewState":{"showFog":true,"showMaterialUpdate":false,"showSkybox":true,"showFlares":true,"showImageEffects":true,"showParticleSystems":true},"in2DMode":false,"pivot":{"x":-8.38019847869873,"y":18.722991943359376,"z":136.9728240966797},"rotation":{"x":-0.1022515743970871,"y":0.8400393128395081,"z":-0.17011816799640656,"w":-0.5049143433570862},"size":38.173179626464847,"orthographic":false}