{"cameraMode":{"drawMode":0,"name":"Shaded","section":"Shading Mode"},"sceneLighting":false,"audioPlay":false,"sceneViewState":{"showFog":true,"showMaterialUpdate":false,"showSkybox":true,"showFlares":true,"showImageEffects":true,"showParticleSystems":true},"in2DMode":false,"pivot":{"x":-14.083341598510743,"y":31.59131622314453,"z":136.1232452392578},"rotation":{"x":-0.1022515743970871,"y":0.8400393128395081,"z":-0.17011816799640656,"w":-0.5049143433570862},"size":24.031723022460939,"orthographic":false}